image_id,predictions
0,0 0.442092 0.111051 0.242171 0.208272
1,"1 0.316326 0.503767 0.632651 0.992466
1 0.214048 0.920854 0.428097 0.157908"
10,
100,1 0.508341 0.48377 0.975036 0.644121
101,1 0.263697 0.643244 0.518603 0.704303
102,
103,"0 0.627493 0.164475 0.745015 0.32895
0 0.233664 0.813709 0.46391 0.335989"
104,"0 0.500417 0.099226 0.126101 0.118696
1 0.453315 0.195058 0.385168 0.390115
0 0.476149 0.103668 0.20783 0.124074
1 0.47857 0.295937 0.441469 0.590961
0 0.829449 0.886988 0.341102 0.226023"
105,
106,"0 0.614056 0.0644861 0.346817 0.128105
0 0.671857 0.345751 0.278904 0.212604"
107,"1 0.788971 0.796518 0.313004 0.206926
0 0.714892 0.293875 0.107661 0.335259
0 0.704755 0.240768 0.114941 0.253996
0 0.0807186 0.656989 0.0231985 0.046077
0 0.0509109 0.15813 0.0946706 0.110786
0 0.424723 0.256993 0.0218397 0.0344926
0 0.322764 0.279335 0.0366782 0.0701981"
108,
109,"0 0.500806 0.446294 0.998389 0.708733
1 0.502596 0.441011 0.994807 0.718713
1 0.880493 0.588282 0.231872 0.802666
0 0.253028 0.535528 0.324891 0.40519
1 0.141042 0.534059 0.271897 0.73169
0 0.871373 0.518189 0.25689 0.637085"
11,"0 0.53702 0.311097 0.428648 0.482169
0 0.949242 0.236397 0.101516 0.472794"
110,"0 0.429494 0.363686 0.855055 0.444984
1 0.533084 0.77658 0.930808 0.445137
1 0.501667 0.559252 0.996665 0.881496
1 0.452787 0.355452 0.902748 0.462247
1 0.708306 0.782137 0.570013 0.426184
1 0.0582104 0.532436 0.116421 0.296768
1 0.410624 0.165044 0.815468 0.303041
1 0.0580664 0.46814 0.116133 0.564828
0 0.372524 0.408248 0.413862 0.334189
1 0.787036 0.886939 0.418665 0.220017
0 0.772241 0.881943 0.439314 0.228898
1 0.165669 0.273522 0.331338 0.290801"
111,"1 0.383637 0.500022 0.766256 0.990494
0 0.0516826 0.173049 0.102491 0.111222
0 0.0713748 0.182385 0.14275 0.135433
0 0.92976 0.250351 0.0342575 0.0512664
1 0.581666 0.506035 0.368096 0.975722"
112,"0 0.834963 0.0636106 0.330074 0.127221
0 0.570922 0.0324526 0.503775 0.0649053"
113,"0 0.550626 0.232361 0.390847 0.405487
0 0.230471 0.57876 0.423318 0.474984
0 0.215122 0.0755158 0.253599 0.149739
0 0.115651 0.0254283 0.12513 0.0503074"
114,"0 0.420539 0.0474822 0.338612 0.0939363
1 0.832562 0.946318 0.331818 0.106067
1 0.139912 0.931841 0.257203 0.127994"
115,"0 0.239817 0.13641 0.479634 0.272821
1 0.499588 0.5 0.999176 1
0 0.752139 0.86306 0.485941 0.115035"
116,0 0.504606 0.156896 0.14786 0.220813
117,"0 0.279885 0.297136 0.130447 0.181821
0 0.27938 0.236835 0.13801 0.304199
1 0.217998 0.425019 0.257284 0.718362
1 0.228478 0.37582 0.237165 0.465523"
118,"0 0.567847 0.222271 0.0489684 0.106775
0 0.425251 0.234138 0.0402576 0.100818
1 0.615665 0.578573 0.0822374 0.366086
0 0.286289 0.283584 0.0180213 0.042323
0 0.0722227 0.303234 0.0182933 0.0378181
0 0.565957 0.236264 0.0436363 0.067201
1 0.0628672 0.0734811 0.113346 0.146962
0 0.290652 0.285214 0.0208565 0.0447621
0 0.503478 0.310469 0.0169237 0.0311362
1 0.960318 0.692674 0.079365 0.603443
0 0.779931 0.317862 0.010533 0.0268011
0 0.661431 0.345664 0.0465222 0.151747"
119,"0 0.363874 0.233374 0.111969 0.20071
1 0.229054 0.509793 0.395665 0.955599
1 0.311523 0.197208 0.229261 0.288233
1 0.314359 0.284952 0.240046 0.474555
1 0.301396 0.400991 0.288283 0.702473
0 0.35154 0.262087 0.105813 0.148629
1 0.342587 0.20022 0.140103 0.272992
1 0.22628 0.287082 0.397974 0.517943"
12,1 0.501414 0.54627 0.985586 0.90746
120,"1 0.282019 0.705716 0.560588 0.582855
0 0.524123 0.36324 0.371492 0.370047"
121,0 0.491699 0.159143 0.290702 0.194522
122,"0 0.665011 0.120252 0.275911 0.234828
0 0.294443 0.228654 0.206792 0.0867008
0 0.0772483 0.21744 0.148606 0.094447"
123,0 0.755844 0.178221 0.488312 0.347552
124,"0 0.364787 0.0912382 0.0883113 0.136232
0 0.529822 0.315677 0.0298182 0.0359534"
125,0 0.495742 0.266516 0.282229 0.403421
126,0 0.500413 0.409482 0.449743 0.580288
127,"0 0.523144 0.220074 0.297742 0.22762
1 0.512695 0.314245 0.453863 0.558173
1 0.354201 0.230878 0.152277 0.255406
1 0.579828 0.395907 0.595739 0.744328"
128,"0 0.402488 0.296532 0.143505 0.223556
1 0.333736 0.42323 0.299803 0.675438
0 0.384388 0.344546 0.105224 0.132417
0 0.963016 0.571541 0.0167732 0.0515469
1 0.301708 0.29922 0.108188 0.316959"
129,"0 0.183054 0.472718 0.356321 0.267877
1 0.638521 0.606092 0.695769 0.787714"
13,"0 0.354338 0.531779 0.114461 0.32416
0 0.360794 0.457415 0.101137 0.167503"
130,1 0.628599 0.5 0.742437 1
131,
132,"1 0.625478 0.515029 0.591655 0.958756
0 0.555258 0.346976 0.316769 0.346674
1 0.544212 0.304771 0.425275 0.515122"
133,"0 0.477953 0.314384 0.210089 0.382419
1 0.883598 0.378652 0.231674 0.631264
1 0.46594 0.551405 0.219801 0.871861"
134,"1 0.724121 0.528003 0.303276 0.356993
0 0.676564 0.260877 0.164123 0.372032
0 0.649529 0.368218 0.108349 0.169946"
135,"0 0.391531 0.399165 0.0852963 0.131068
1 0.620746 0.483851 0.167035 0.384927
0 0.582056 0.43151 0.0998028 0.147726
1 0.344386 0.407839 0.175209 0.36389
0 0.400793 0.351585 0.111542 0.231163
0 0.612437 0.409451 0.164158 0.190638
1 0.363088 0.354714 0.191929 0.25659
0 0.330287 0.558132 0.0731543 0.0670379
1 0.379763 0.380721 0.112936 0.312692
0 0.390904 0.426998 0.0639495 0.0753384
1 0.614374 0.388519 0.173827 0.231273
1 0.640089 0.581913 0.172226 0.624804
0 0.614532 0.499872 0.167542 0.330154
1 0.484334 0.520106 0.471101 0.562212"
136,0 0.309874 0.0644175 0.361148 0.126873
137,
138,0 0.515775 0.359783 0.394609 0.519998
139,
14,
140,"0 0.358979 0.471649 0.281899 0.390713
0 0.078986 0.310689 0.157972 0.315691
0 0.602074 0.269532 0.208287 0.281188
1 0.322255 0.538758 0.352507 0.852472
1 0.274611 0.397222 0.464878 0.575235"
141,"1 0.401463 0.529605 0.782086 0.647999
0 0.877722 0.438362 0.244556 0.284273"
142,"0 0.403574 0.391715 0.452877 0.680553
0 0.820856 0.229267 0.358289 0.457096
0 0.101111 0.277749 0.202046 0.555497
0 0.927721 0.237724 0.144559 0.475448"
143,"0 0.50309 0.226854 0.429484 0.334337
0 0.55187 0.842981 0.483608 0.313395
0 0.76221 0.0198395 0.292992 0.0396791
0 0.784323 0.019397 0.169357 0.038794"
144,"0 0.486073 0.160728 0.217696 0.211199
0 0.233175 0.834201 0.0935286 0.0662441"
145,
146,"1 0.394799 0.503631 0.616041 0.965626
1 0.494766 0.212379 0.335603 0.377375"
147,
148,"0 0.628715 0.125831 0.453424 0.251417
0 0.926427 0.6451 0.146771 0.330451"
149,
15,1 0.504878 0.506497 0.990245 0.65824
150,
151,0 0.787434 0.221754 0.0231 0.0623335
152,
153,
154,
155,1 0.387776 0.66505 0.756517 0.661986
156,"0 0.524837 0.336238 0.499745 0.260912
0 0.529824 0.330697 0.292172 0.250907"
157,"0 0.315728 0.204927 0.106647 0.272448
1 0.121802 0.814067 0.142479 0.363636
0 0.305144 0.260393 0.127104 0.386973"
158,"0 0.404049 0.291873 0.151257 0.0978515
0 0.354541 0.273323 0.251747 0.145265"
159,1 0.497126 0.614683 0.987652 0.754259
16,0 0.478101 0.232448 0.283065 0.388433
160,0 0.494163 0.332832 0.403073 0.540834
161,
162,1 0.514206 0.595884 0.970171 0.690863
163,"1 0.744142 0.271116 0.377048 0.535026
1 0.742764 0.451538 0.380366 0.894137
0 0.59937 0.200818 0.0831756 0.235684"
164,0 0.417113 0.101071 0.127907 0.115646
165,
166,
167,1 0.413544 0.649732 0.659142 0.659858
168,0 0.476913 0.253026 0.24713 0.330458
169,"1 0.658772 0.531826 0.618354 0.924092
0 0.360966 0.33585 0.0224225 0.0467691"
17,0 0.518679 0.245447 0.227855 0.312734
170,0 0.498332 0.0918388 0.100243 0.141506
171,"1 0.216766 0.544427 0.387895 0.897498
0 0.615409 0.754503 0.093863 0.115769"
172,"0 0.62366 0.549412 0.0869353 0.272509
0 0.596718 0.548519 0.129878 0.265804"
173,0 0.495154 0.262665 0.240367 0.309102
174,"1 0.559719 0.313337 0.8776 0.619596
1 0.5 0.499043 1 0.998085
0 0.898889 0.0905602 0.0287727 0.0423825"
175,"0 0.544505 0.554625 0.137958 0.0621308
1 0.960347 0.301518 0.0792988 0.471068
0 0.486631 0.0340986 0.107535 0.0681972"
176,0 0.505375 0.0913562 0.102226 0.138422
177,1 0.544029 0.401592 0.714366 0.328272
178,"1 0.790032 0.371424 0.418735 0.728645
0 0.68388 0.287912 0.153622 0.229656
0 0.672219 0.212635 0.18352 0.378027
1 0.86171 0.386429 0.238266 0.697331
1 0.690999 0.202765 0.234965 0.404101
1 0.535626 0.374929 0.887992 0.74099"
179,"0 0.500778 0.349631 0.213689 0.301654
1 0.404997 0.510109 0.506416 0.84819
1 0.471893 0.393611 0.360487 0.605395
1 0.610256 0.334537 0.0965276 0.33472"
18,0 0.434611 0.0749004 0.376301 0.149801
180,0 0.508267 0.239926 0.256329 0.326702
181,
182,
183,"1 0.747503 0.498098 0.504994 0.988621
0 0.509796 0.463844 0.0205639 0.13278
0 0.261393 0.0190789 0.0197869 0.0351042"
184,"0 0.5874 0.20766 0.190276 0.301416
0 0.600594 0.774344 0.0222727 0.035134"
185,"1 0.277143 0.54143 0.125699 0.230591
1 0.278863 0.650018 0.141921 0.482763"
186,0 0.490118 0.336783 0.33761 0.480706
187,"0 0.49952 0.10993 0.405779 0.219159
1 0.810829 0.398993 0.368669 0.792559
1 0.445134 0.144325 0.576781 0.28865
1 0.253116 0.150398 0.192535 0.299381
1 0.517106 0.398418 0.963438 0.796836
1 0.193232 0.149018 0.346829 0.297629"
188,
189,"0 0.493235 0.238419 0.25982 0.333805
0 0.852417 0.942844 0.295166 0.114312"
19,0 0.488976 0.150982 0.171041 0.231867
190,
191,1 0.424432 0.625448 0.811366 0.700471
192,
193,
194,"0 0.448794 0.297695 0.0861533 0.217205
1 0.673525 0.621426 0.126374 0.755001
1 0.688355 0.477916 0.107713 0.5348
1 0.655729 0.601449 0.203057 0.792794"
195,0 0.468023 0.191733 0.299931 0.299567
196,0 0.444802 0.252265 0.28247 0.359115
197,"1 0.161178 0.448103 0.262517 0.414591
0 0.383252 0.364658 0.149824 0.52173
0 0.38929 0.459996 0.154286 0.333019"
198,
199,0 0.478927 0.150307 0.170254 0.229972
2,1 0.450879 0.289649 0.830938 0.56799
20,
200,1 0.5 0.5026 1 0.994799
201,
202,"0 0.586553 0.289093 0.108865 0.186327
0 0.590022 0.326314 0.0987371 0.10918
1 0.537553 0.336528 0.208548 0.3137
1 0.570571 0.313873 0.27836 0.427032
1 0.549927 0.259994 0.177151 0.259971
1 0.60876 0.366076 0.372998 0.542872
0 0.579637 0.246387 0.117626 0.282878
1 0.57622 0.276479 0.122073 0.223723
1 0.480183 0.337746 0.148673 0.31166"
203,
204,
205,
206,0 0.505368 0.536716 0.609572 0.797566
207,0 0.539832 0.247364 0.240975 0.34564
208,0 0.554176 0.255319 0.228272 0.293874
209,0 0.490969 0.158314 0.282552 0.307775
21,"0 0.298245 0.356151 0.258766 0.121103
0 0.541584 0.234537 0.248166 0.168933
1 0.629798 0.382777 0.415899 0.49722
1 0.608305 0.497821 0.479904 0.70603
0 0.292847 0.277291 0.270399 0.278595
1 0.563299 0.237151 0.277763 0.182425"
210,
211,"1 0.612112 0.511326 0.691381 0.859229
0 0.9754 0.541609 0.0488285 0.308377"
212,
213,0 0.489906 0.179165 0.17737 0.22546
214,"0 0.500218 0.0726899 0.0999402 0.13747
0 0.0286363 0.30507 0.0317437 0.0370457
0 0.858726 0.31526 0.0240688 0.0286718"
215,"0 0.518862 0.236587 0.305462 0.216109
1 0.385244 0.424376 0.753391 0.757561
1 0.503778 0.530038 0.992444 0.934544"
216,
217,"1 0.350421 0.359205 0.501896 0.511894
1 0.353909 0.485798 0.596596 0.786748
0 0.492731 0.388477 0.129305 0.347307
0 0.501944 0.371294 0.112267 0.19242
1 0.58533 0.413413 0.16135 0.615267
1 0.559908 0.432583 0.114177 0.762769
0 0.102689 0.676557 0.0120675 0.0385532"
218,
219,0 0.455456 0.0756232 0.114961 0.125172
22,"0 0.49154 0.209149 0.179906 0.197575
1 0.453936 0.258856 0.473352 0.452405
1 0.446314 0.460168 0.480702 0.881344
1 0.220479 0.249086 0.440958 0.482324
1 0.34393 0.295879 0.281903 0.401"
220,"0 0.512437 0.138977 0.319368 0.277032
0 0.797407 0.551343 0.301013 0.303101
0 0.509194 0.607345 0.339701 0.118687"
221,"0 0.3282 0.516437 0.0742912 0.0941674
1 0.87074 0.630772 0.231319 0.360426
1 0.868296 0.715502 0.263407 0.521789
1 0.317053 0.578193 0.131063 0.417896
0 0.329345 0.480717 0.0761952 0.165207
1 0.32922 0.466038 0.0804686 0.197907
0 0.585452 0.974851 0.0631519 0.0502984
0 0.264076 0.750542 0.0319051 0.0481513
1 0.331227 0.417387 0.0891634 0.0935126"
222,
223,
224,"1 0.336952 0.245691 0.667788 0.48665
1 0.344817 0.422665 0.682991 0.84533
0 0.276313 0.538699 0.397558 0.540091
0 0.25635 0.632754 0.396366 0.350036
1 0.0237608 0.525069 0.0475217 0.502227"
225,"0 0.674532 0.371134 0.145141 0.192953
1 0.703372 0.430508 0.255622 0.365746
1 0.709778 0.571904 0.304918 0.702022
1 0.679839 0.369112 0.16586 0.204388
1 0.749593 0.40836 0.21881 0.282522
0 0.820815 0.710566 0.100221 0.0944849"
226,0 0.426815 0.248627 0.190996 0.25209
227,"0 0.530071 0.190269 0.113258 0.113641
1 0.440225 0.354028 0.0880692 0.28336
1 0.525827 0.272271 0.259663 0.450031
1 0.475382 0.353736 0.161073 0.287864
1 0.529352 0.265009 0.173184 0.392247
0 0.686641 0.0604385 0.0650047 0.0637527
1 0.687594 0.361477 0.0403681 0.11878"
228,1 0.321253 0.655372 0.567024 0.677063
229,
23,"1 0.533609 0.6414 0.318828 0.69551
1 0.407839 0.638531 0.569682 0.704362
1 0.357134 0.495382 0.694717 0.990765"
230,
231,"0 0.30506 0.186691 0.610121 0.373112
0 0.249061 0.148528 0.490063 0.267351"
232,"0 0.454764 0.216036 0.129095 0.0824983
1 0.529972 0.329562 0.272833 0.371605
0 0.440356 0.198515 0.15007 0.12001"
233,"0 0.475157 0.226097 0.26098 0.176686
1 0.504357 0.320816 0.512979 0.590167"
234,"0 0.482627 0.265061 0.263688 0.237237
1 0.571752 0.458316 0.736198 0.631953
1 0.348249 0.569742 0.239337 0.384615
1 0.675346 0.4401 0.307169 0.657172"
235,
236,"1 0.621385 0.595829 0.670193 0.654186
0 0.468064 0.447745 0.248009 0.128877
0 0.462699 0.404878 0.252271 0.235604
1 0.714013 0.547215 0.481207 0.53053
1 0.600075 0.931114 0.190098 0.135519
1 0.537878 0.914916 0.314397 0.165808"
237,"1 0.497831 0.500193 0.994515 0.997797
1 0.503601 0.176105 0.992798 0.351497
1 0.5 0.0934479 1 0.186896"
238,"1 0.564024 0.660085 0.832559 0.672382
1 0.590468 0.503809 0.583486 0.357161"
239,0 0.493216 0.282345 0.328566 0.440938
24,
240,0 0.518564 0.269897 0.318509 0.387015
241,"0 0.506304 0.101516 0.419996 0.188718
0 0.85032 0.451908 0.290442 0.104506"
242,"0 0.449724 0.416106 0.117285 0.092458
0 0.445639 0.390029 0.13689 0.146525
1 0.46451 0.470271 0.405971 0.77883
1 0.577306 0.673345 0.144175 0.347893
0 0.45242 0.292167 0.174665 0.355586
1 0.41742 0.35772 0.174535 0.211876
0 0.426414 0.365464 0.122653 0.201975
1 0.322223 0.349448 0.0931914 0.220168
1 0.582043 0.5 0.488996 1
1 0.435618 0.29739 0.333412 0.575549"
243,0 0.490572 0.226238 0.253078 0.235777
244,0 0.505024 0.347025 0.359429 0.467034
245,"0 0.300052 0.254238 0.15389 0.219277
1 0.255067 0.359006 0.258495 0.447021
0 0.38594 0.684512 0.0970934 0.0931327
0 0.298243 0.300049 0.109107 0.104061
1 0.215226 0.382116 0.166221 0.471465"
246,"0 0.451729 0.0854674 0.095018 0.144903
0 0.255916 0.213009 0.0211164 0.0594865
0 0.705554 0.253849 0.0276095 0.0426203"
247,"1 0.353472 0.205818 0.655466 0.411636
1 0.344876 0.495345 0.684036 0.990689
0 0.474739 0.0745079 0.144501 0.146859"
248,
249,0 0.674058 0.011574 0.258673 0.0225211
25,0 0.475285 0.144242 0.301741 0.227822
250,0 0.486801 0.140556 0.27193 0.238607
251,1 0.729469 0.673382 0.53909 0.605551
252,"0 0.532772 0.394107 0.436344 0.491486
1 0.413747 0.508557 0.827494 0.982673
0 0.505015 0.322501 0.583321 0.645003
1 0.193529 0.500571 0.384533 0.99237
1 0.753872 0.356085 0.212567 0.687575
1 0.535561 0.398784 0.583543 0.759412"
253,0 0.575509 0.231646 0.24069 0.315312
254,"0 0.583046 0.187741 0.406413 0.3722
0 0.149431 0.150864 0.298862 0.280978"
255,1 0.474661 0.827709 0.94319 0.344582
256,"0 0.415284 0.291009 0.144282 0.137711
1 0.453832 0.416912 0.374111 0.493394
0 0.385264 0.290788 0.211803 0.173226
1 0.543076 0.339852 0.547596 0.606831
1 0.382583 0.295969 0.215047 0.211488
1 0.556627 0.465371 0.17438 0.397481"
257,0 0.613456 0.102985 0.193691 0.187728
258,"1 0.581469 0.5 0.837063 1
1 0.465342 0.598796 0.320698 0.238029"
259,1 0.252876 0.0504512 0.0979272 0.100902
26,1 0.505422 0.581184 0.989157 0.807356
260,
261,"0 0.490357 0.299664 0.187126 0.141887
1 0.549467 0.375343 0.374296 0.480466
0 0.481047 0.253431 0.209349 0.239119
1 0.618837 0.344638 0.511162 0.591489
1 0.652224 0.412821 0.154761 0.453134
1 0.403417 0.327842 0.0761972 0.140603
1 0.4806 0.351438 0.232912 0.434142"
262,"1 0.505932 0.623121 0.984106 0.713636
0 0.90536 0.0388079 0.18928 0.0768197"
263,0 0.459751 0.285956 0.276711 0.349129
264,
265,1 0.268744 0.370688 0.176122 0.434355
266,
267,"0 0.467649 0.344508 0.189585 0.349665
1 0.436679 0.526158 0.57885 0.901808
1 0.567532 0.520655 0.320623 0.908795
0 0.471535 0.413938 0.179169 0.206203
1 0.648916 0.668295 0.137217 0.548985
1 0.624698 0.582731 0.179875 0.726617
1 0.434096 0.358471 0.427693 0.585486"
268,
269,"0 0.559316 0.520041 0.461096 0.494211
0 0.573184 0.386082 0.488852 0.772164
1 0.455843 0.499673 0.911685 0.987366
1 0.616635 0.398952 0.560945 0.781359
0 0.419318 0.391074 0.838637 0.782148
1 0.185476 0.565477 0.370952 0.85324
1 0.441766 0.192053 0.883531 0.382509
1 0.106453 0.705878 0.211886 0.588244"
27,0 0.528044 0.413009 0.363174 0.580201
270,
271,1 0.580106 0.481846 0.471038 0.401439
272,
273,"0 0.4607 0.479693 0.135681 0.142631
1 0.504646 0.696271 0.288821 0.602549
1 0.582734 0.69726 0.119307 0.60548
0 0.0234219 0.421251 0.0466534 0.14259
0 0.0118872 0.424909 0.0237743 0.131397"
274,0 0.503755 0.157157 0.175083 0.234868
275,
276,1 0.454252 0.215153 0.859118 0.42995
277,"0 0.164724 0.443925 0.17941 0.206196
1 0.870447 0.466716 0.259107 0.650533
0 0.530845 0.393399 0.162324 0.231949
0 0.168151 0.363418 0.19149 0.370351
1 0.15235 0.4431 0.296762 0.552638
1 0.517725 0.390537 0.303153 0.538517
0 0.85923 0.432797 0.216998 0.249039
0 0.86162 0.361722 0.236913 0.389454
1 0.85982 0.345902 0.279899 0.414826
1 0.341661 0.495284 0.674621 0.724013
1 0.676875 0.494524 0.64625 0.720549
0 0.528481 0.324962 0.171256 0.383845
1 0.209991 0.509416 0.412707 0.700414
1 0.0506794 0.388822 0.099785 0.333566
0 0.848015 0.45857 0.166102 0.19323
1 0.537426 0.31438 0.240425 0.397906
1 0.97395 0.609362 0.0517931 0.323121"
278,0 0.450449 0.216473 0.260908 0.348387
279,
28,
280,0 0.503625 0.0290516 0.260544 0.0581032
281,"0 0.497705 0.182282 0.373925 0.323003
0 0.550677 0.788604 0.50741 0.420586
0 0.0751423 0.0677085 0.150285 0.133246"
282,0 0.527798 0.518907 0.578476 0.77035
283,0 0.50816 0.274899 0.298527 0.367909
284,"0 0.716672 0.798021 0.442228 0.403072
0 0.52397 0.307381 0.407985 0.427244
0 0.162026 0.943594 0.322934 0.10886"
285,"1 0.409794 0.234815 0.314951 0.334623
0 0.397233 0.180358 0.208517 0.0980532
0 0.427972 0.164429 0.281979 0.122665
1 0.437466 0.166391 0.264561 0.119185
1 0.402317 0.361367 0.339356 0.612304
1 0.501813 0.167181 0.142521 0.132677"
286,0 0.0421518 0.0825194 0.0843037 0.162347
287,
288,"1 0.533927 0.500341 0.338535 0.969643
0 0.446779 0.226622 0.235057 0.373473
1 0.59951 0.506793 0.178667 0.960642
1 0.587229 0.65523 0.1753 0.68954"
289,"0 0.457859 0.147438 0.140517 0.171946
1 0.547701 0.333162 0.365678 0.65454
1 0.715888 0.608965 0.0645615 0.238073
1 0.568682 0.214398 0.387962 0.424841
1 0.393887 0.468643 0.109131 0.451586
1 0.630623 0.265728 0.524795 0.520669
1 0.401114 0.362813 0.127366 0.719388
1 0.409815 0.411898 0.0959657 0.344143
1 0.23555 0.485653 0.426425 0.960357
1 0.363488 0.531097 0.0418985 0.383107"
29,0 0.500904 0.425616 0.502969 0.630853
290,"1 0.466504 0.605468 0.756429 0.344027
0 0.925425 0.95344 0.148717 0.0929905
0 0.0394125 0.143268 0.0607094 0.0899603"
291,0 0.497834 0.373462 0.394435 0.521684
292,0 0.57376 0.430512 0.404183 0.602178
293,"0 0.485003 0.174196 0.331214 0.176946
0 0.3466 0.0963172 0.0754046 0.192086"
294,0 0.365742 0.203749 0.234804 0.299184
295,"0 0.59538 0.280766 0.179443 0.33541
1 0.603377 0.461667 0.320359 0.736739
1 0.569695 0.277807 0.254767 0.365106
1 0.0265509 0.956957 0.0508943 0.085236
0 0.559656 0.324235 0.249955 0.265386"
296,1 0.5 0.5 1 1
297,0 0.420961 0.267544 0.276836 0.362721
298,"0 0.634707 0.220087 0.417242 0.382703
0 0.75386 0.699901 0.49228 0.5818
1 0.5 0.50217 1 0.995661
1 0.711121 0.506226 0.577758 0.981792"
299,0 0.649953 0.151729 0.0189364 0.033027
3,"0 0.40974 0.24542 0.144782 0.168401
1 0.839399 0.647167 0.320396 0.636979"
30,0 0.474968 0.325196 0.206438 0.33217
300,"0 0.530704 0.293516 0.240845 0.323097
0 0.0763447 0.506609 0.044764 0.0781767
0 0.232235 0.458715 0.0503925 0.0595644
0 0.822004 0.465236 0.0549831 0.0708361
0 0.119866 0.0347095 0.239732 0.069419"
301,"0 0.535353 0.233264 0.419648 0.295677
0 0.749019 0.716492 0.445782 0.331761
1 0.502972 0.699762 0.939454 0.595959
0 0.980122 0.95402 0.0397436 0.0907978"
302,"1 0.457197 0.705265 0.797147 0.579248
0 0.525414 0.316668 0.447692 0.350712"
303,
304,1 0.656423 0.558774 0.345227 0.853826
305,"0 0.681918 0.205773 0.209821 0.387514
0 0.696785 0.267403 0.171945 0.258196
1 0.773047 0.390634 0.348985 0.776809
1 0.863872 0.391487 0.173342 0.777142
1 0.710272 0.19702 0.267002 0.39404
1 0.866391 0.489185 0.141008 0.569957"
306,
307,0 0.513474 0.240495 0.265989 0.360812
308,
309,"1 0.515813 0.443868 0.720956 0.397582
0 0.970148 0.211973 0.0597038 0.0981382
0 0.962053 0.133323 0.0754288 0.265763
0 0.971672 0.221604 0.0565079 0.187344
0 0.0100671 0.509899 0.0195077 0.0933586"
31,0 0.497351 0.100935 0.228724 0.159182
310,1 0.694079 0.694512 0.593594 0.581346
311,1 0.501458 0.512508 0.997083 0.955485
312,"0 0.480715 0.317358 0.135471 0.210068
0 0.487397 0.367875 0.11134 0.112839"
313,"0 0.505026 0.261694 0.232136 0.453369
0 0.282576 0.331057 0.0398452 0.0517654
0 0.0374265 0.78377 0.0746139 0.43246"
314,0 0.103685 0.061314 0.206833 0.121462
315,0 0.484927 0.339829 0.30987 0.525298
316,"0 0.18564 0.311273 0.0674002 0.172405
1 0.548788 0.268891 0.128542 0.194608"
317,"0 0.603613 0.379007 0.326023 0.272948
0 0.637254 0.306423 0.374844 0.4273
1 0.501051 0.334352 0.675742 0.48427
1 0.52603 0.499658 0.766132 0.837126
0 0.499301 0.319319 0.669737 0.461485"
318,0 0.506314 0.263347 0.292341 0.396152
319,"0 0.498887 0.131248 0.126884 0.11427
1 0.530644 0.198153 0.367826 0.328594
1 0.557368 0.275834 0.428858 0.465062
1 0.449589 0.224585 0.30357 0.383681
1 0.525158 0.119528 0.169398 0.130602"
32,"1 0.490356 0.557865 0.538211 0.884271
0 0.457314 0.280171 0.112062 0.318819
0 0.464704 0.351574 0.0965702 0.160193"
320,
321,"0 0.512501 0.0865348 0.138309 0.11011
1 0.503847 0.194066 0.279462 0.375715
1 0.424925 0.195601 0.123748 0.353982
1 0.631652 0.21628 0.52505 0.420761
0 0.535586 0.20682 0.0430419 0.0523529
1 0.590989 0.0807416 0.101424 0.123404
1 0.327038 0.188701 0.363973 0.373231"
322,0 0.535363 0.295764 0.255632 0.345647
323,1 0.5 0.5 1 1
324,
325,0 0.495122 0.107965 0.101236 0.144942
326,0 0.626777 0.228608 0.166488 0.324618
327,"0 0.416952 0.262964 0.147341 0.14174
0 0.568466 0.0224861 0.218304 0.0449723"
328,"0 0.515691 0.532414 0.372924 0.306923
0 0.550923 0.477982 0.452092 0.447232
1 0.561332 0.621201 0.492364 0.727069
1 0.651363 0.515687 0.6739 0.509308
1 0.405072 0.623789 0.810145 0.740075"
329,0 0.49646 0.244724 0.232274 0.386163
33,0 0.572168 0.287557 0.269902 0.409404
330,"1 0.743111 0.454577 0.509419 0.410119
1 0.740392 0.618033 0.516645 0.737972
0 0.661137 0.435148 0.365068 0.336621
0 0.661518 0.500529 0.363612 0.202215
0 0.747139 0.439048 0.505723 0.383547
0 0.64662 0.534729 0.29991 0.128301
0 0.0357916 0.677643 0.0711542 0.256627
0 0.0452921 0.770076 0.0905843 0.437005"
331,"0 0.488924 0.398 0.465243 0.251265
0 0.462361 0.171951 0.477909 0.135862"
332,
333,0 0.490118 0.254023 0.481472 0.221005
334,1 0.920075 0.748018 0.159283 0.496117
335,0 0.495126 0.0654174 0.361399 0.130835
336,0 0.533763 0.173674 0.226941 0.168495
337,
338,
339,"0 0.437412 0.211352 0.302651 0.313569
0 0.672588 0.317448 0.0439795 0.0271759
0 0.730823 0.315307 0.0439688 0.0347772"
34,
340,
341,"0 0.556066 0.460367 0.211448 0.478489
1 0.513704 0.431165 0.230409 0.64435
0 0.553073 0.549106 0.185319 0.278851
1 0.613712 0.490237 0.428782 0.599473
1 0.69452 0.535945 0.244115 0.514865
1 0.747643 0.585813 0.229823 0.639633
1 0.47402 0.483393 0.142487 0.514153"
342,1 0.50565 0.54896 0.981148 0.885966
343,
344,
345,
346,0 0.512699 0.27964 0.28571 0.391001
347,0 0.565968 0.266061 0.318448 0.400975
348,"1 0.500226 0.636374 0.994303 0.663519
1 0.499325 0.499313 0.998649 0.982325
1 0.865235 0.273395 0.269531 0.368385"
349,"1 0.561971 0.613838 0.872818 0.763333
0 0.428726 0.494653 0.534509 0.520222
0 0.523272 0.501787 0.953456 0.534841"
35,"0 0.50441 0.277926 0.272631 0.24025
1 0.425792 0.355349 0.740092 0.648996
1 0.278885 0.368675 0.416793 0.643215
1 0.541084 0.31431 0.508853 0.547733
0 0.567283 0.21997 0.406642 0.363228"
350,"0 0.472269 0.104837 0.150804 0.0983231
1 0.508854 0.18271 0.291969 0.365421
0 0.464485 0.0797438 0.17638 0.151848
0 0.469276 0.269489 0.125487 0.117152
1 0.512359 0.109544 0.286104 0.145794
0 0.465845 0.222589 0.138896 0.213034
1 0.492704 0.29226 0.283028 0.58452
1 0.338993 0.200054 0.639193 0.400109"
351,0 0.492941 0.226498 0.270117 0.358255
352,0 0.575628 0.224328 0.445342 0.228098
353,0 0.417181 0.187353 0.201735 0.300367
354,"0 0.668515 0.244516 0.18042 0.398264
1 0.339612 0.792185 0.282584 0.36872"
355,"0 0.703284 0.302082 0.096674 0.2544
1 0.340667 0.402574 0.293237 0.592058
1 0.317877 0.503259 0.353149 0.843587"
356,"0 0.489201 0.433167 0.42953 0.670349
0 0.829758 0.520051 0.045611 0.0434517"
357,0 0.489074 0.428662 0.315409 0.60482
358,"0 0.6867 0.298534 0.154125 0.337334
1 0.458339 0.80526 0.213885 0.386836
0 0.54389 0.391413 0.0378966 0.0601813
0 0.240379 0.858681 0.0212232 0.0431463
0 0.992967 0.542795 0.0137829 0.0395601
0 0.993715 0.539729 0.0125707 0.0621475
0 0.990883 0.522712 0.0175684 0.0656025"
359,0 0.58696 0.172182 0.0249059 0.0445492
36,"0 0.476508 0.175006 0.266148 0.189231
0 0.643649 0.873719 0.27181 0.118662
1 0.427516 0.369967 0.614867 0.739933
0 0.52843 0.160513 0.378752 0.222455
1 0.249879 0.385423 0.29908 0.763009
1 0.247697 0.501269 0.247053 0.483979
1 0.540003 0.15648 0.398263 0.266177"
360,"0 0.611073 0.312667 0.218583 0.32062
0 0.639618 0.887758 0.348239 0.22425
0 0.0658324 0.815288 0.131665 0.369423"
361,
362,"1 0.445008 0.551362 0.286876 0.545233
0 0.517218 0.472537 0.112646 0.146854
0 0.051676 0.534211 0.0269323 0.0705228
0 0.0142824 0.813289 0.0285649 0.0946331"
363,0 0.490533 0.260457 0.262459 0.333813
364,"1 0.554331 0.367812 0.260625 0.716569
0 0.41014 0.92304 0.0872197 0.14854
1 0.501634 0.151449 0.210189 0.282521
1 0.497964 0.46964 0.355004 0.936734
1 0.387142 0.492957 0.570722 0.982225
1 0.526125 0.239575 0.25968 0.47158
1 0.410893 0.138959 0.0281725 0.120215"
365,"1 0.508854 0.300577 0.982292 0.597681
1 0.5 0.5 1 1"
366,"0 0.0502004 0.243409 0.0535115 0.051409
0 0.350534 0.254902 0.0394449 0.0730854
0 0.411393 0.285543 0.0193132 0.038764
0 0.349846 0.237625 0.0439266 0.0384511"
367,0 0.499024 0.329277 0.346383 0.470643
368,
369,"0 0.50201 0.400268 0.380218 0.515209
0 0.157868 0.497552 0.0527267 0.0370545
0 0.242849 0.493745 0.0518817 0.0619349
0 0.15062 0.500272 0.0433088 0.0265118
0 0.164613 0.499055 0.035795 0.0314619
0 0.825045 0.381397 0.0382341 0.0453868
0 0.140916 0.500352 0.0243819 0.0259033
0 0.719206 0.42075 0.0358682 0.0423406"
37,1 0.648317 0.331161 0.703367 0.662322
370,1 0.490878 0.585326 0.673689 0.32438
371,"0 0.509575 0.257773 0.287148 0.290637
1 0.333563 0.3374 0.667126 0.649977
1 0.540542 0.412196 0.918916 0.766322
1 0.391525 0.49816 0.783049 0.981212"
372,
373,
374,
375,"0 0.496702 0.311758 0.326016 0.284615
1 0.389085 0.511374 0.77771 0.962572
1 0.258611 0.509853 0.324483 0.935122
1 0.692163 0.292105 0.167419 0.439003"
376,"0 0.511647 0.272741 0.147673 0.283201
0 0.47609 0.807706 0.0264549 0.0625486"
377,
378,"1 0.486744 0.560758 0.56907 0.578275
0 0.612979 0.255394 0.344941 0.271607
1 0.498987 0.464879 0.578657 0.354214"
379,0 0.551044 0.310961 0.358695 0.461578
38,"1 0.795105 0.789348 0.285706 0.152141
0 0.338314 0.247311 0.121456 0.257582"
380,"0 0.653044 0.208245 0.159077 0.196338
0 0.39247 0.341907 0.192321 0.190015
1 0.316635 0.490449 0.344618 0.596992
1 0.219401 0.514814 0.182146 0.712708
1 0.394844 0.510301 0.516331 0.730322
0 0.0365746 0.552098 0.0725338 0.188816
0 0.918422 0.152862 0.162363 0.305724"
381,0 0.459056 0.115754 0.258884 0.230195
382,0 0.48409 0.102911 0.182115 0.203773
383,"1 0.598668 0.391343 0.450274 0.549425
1 0.687009 0.246537 0.279456 0.234457
0 0.594632 0.397266 0.454999 0.551188
1 0.598002 0.274377 0.454992 0.289676"
384,"1 0.796394 0.539137 0.404066 0.921727
1 0.793125 0.341648 0.411656 0.536515
1 0.166058 0.497013 0.309487 0.994026
0 0.666349 0.410555 0.154465 0.229964
1 0.0562041 0.205316 0.109837 0.390285
1 0.203548 0.205808 0.376346 0.406928"
385,0 0.678112 0.175689 0.0985964 0.201868
386,0 0.549539 0.185059 0.276455 0.293103
387,0 0.460397 0.281778 0.255939 0.429605
388,"1 0.554283 0.35655 0.42921 0.595532
0 0.558105 0.333626 0.242457 0.239167
0 0.56751 0.262717 0.250904 0.38446
1 0.715136 0.381701 0.118632 0.469716"
389,
39,0 0.509318 0.329633 0.352958 0.407734
390,"0 0.447831 0.39401 0.403316 0.399328
1 0.456955 0.559474 0.907333 0.744325
1 0.74196 0.559272 0.33215 0.721672"
391,"1 0.579225 0.5 0.600347 1
1 0.16153 0.924421 0.124165 0.151157"
392,0 0.407446 0.406447 0.814892 0.528647
393,"0 0.383675 0.164038 0.192494 0.328077
0 0.518996 0.894248 0.135751 0.119321"
394,"1 0.496624 0.498772 0.989501 0.997543
1 0.499917 0.318973 0.990397 0.637946"
395,0 0.464866 0.100019 0.15713 0.110073
396,0 0.563777 0.289938 0.213595 0.416591
397,"0 0.612966 0.42303 0.0695525 0.165338
0 0.548037 0.50713 0.0621861 0.108265
1 0.711411 0.617848 0.221032 0.726827
1 0.69437 0.480458 0.201255 0.413118
1 0.753428 0.696272 0.128474 0.597632"
398,"0 0.28428 0.424141 0.123956 0.199972
0 0.948624 0.505434 0.074124 0.082234
1 0.201334 0.62912 0.270995 0.679132
1 0.943226 0.569838 0.112034 0.240442
0 0.814213 0.642079 0.0341318 0.103246
0 0.952627 0.569093 0.0904564 0.225771
1 0.262962 0.43031 0.156408 0.279497"
399,0 0.473561 0.150401 0.476193 0.292204
4,"0 0.528462 0.16804 0.185364 0.114341
1 0.522196 0.200317 0.333146 0.318776
1 0.518038 0.200849 0.337412 0.192676
1 0.519962 0.290479 0.351077 0.516493
0 0.160045 0.12449 0.186057 0.248979
0 0.500735 0.172222 0.297536 0.115971
1 0.141034 0.211622 0.276924 0.423243
1 0.621297 0.240363 0.545591 0.46539
1 0.711675 0.142579 0.380256 0.283489"
40,"0 0.495692 0.233305 0.264423 0.21184
1 0.49997 0.302026 0.386489 0.503892"
400,1 0.513778 0.68816 0.343571 0.610397
401,"0 0.477773 0.100464 0.170006 0.1414
0 0.696448 0.015558 0.0652206 0.031116"
402,"1 0.39612 0.623743 0.377567 0.733982
0 0.484668 0.482297 0.178036 0.257784
0 0.841937 0.524694 0.120938 0.156398
0 0.833326 0.491623 0.140894 0.213047
0 0.472742 0.534074 0.136489 0.158348
1 0.320691 0.657005 0.217507 0.674041"
403,1 0.520871 0.523096 0.954265 0.9441
404,"1 0.280466 0.871869 0.202003 0.128418
0 0.60526 0.302554 0.0920321 0.231006"
405,
406,0 0.476039 0.295968 0.32882 0.434601
407,
408,"0 0.509702 0.196154 0.150273 0.207158
1 0.278301 0.5 0.556602 1
1 0.461904 0.5 0.923809 1
1 0.152419 0.5 0.304838 1"
409,0 0.470808 0.392645 0.495792 0.694193
41,"0 0.491582 0.319883 0.200333 0.290564
1 0.370925 0.236894 0.494306 0.473787
0 0.720091 0.877195 0.105848 0.215969
1 0.364989 0.389295 0.485474 0.770048
0 0.499195 0.235479 0.217196 0.456262"
410,0 0.512205 0.296695 0.504389 0.390027
411,"0 0.502694 0.42703 0.154885 0.334497
1 0.540806 0.617843 0.344225 0.723163
1 0.618689 0.616811 0.164659 0.728894
0 0.501341 0.506087 0.136597 0.18752
1 0.41679 0.451473 0.0886196 0.391103"
412,0 0.117262 0.0480919 0.233799 0.0961838
413,0 0.491187 0.0996385 0.227577 0.199277
414,0 0.473652 0.104439 0.244942 0.208487
415,0 0.550278 0.450116 0.440139 0.688434
416,1 0.529268 0.580232 0.698804 0.83203
417,
418,0 0.508033 0.240884 0.198116 0.340983
419,0 0.498058 0.28448 0.231488 0.318044
42,0 0.460273 0.232355 0.194356 0.307419
420,
421,
422,0 0.453799 0.117044 0.489313 0.233024
423,0 0.615103 0.205686 0.395289 0.36065
424,0 0.52572 0.28855 0.317719 0.395125
425,0 0.370214 0.253988 0.198254 0.295331
426,0 0.586893 0.175207 0.202536 0.205207
427,
428,
429,0 0.448671 0.151113 0.273361 0.30197
43,
430,0 0.45612 0.311984 0.276017 0.439127
431,"0 0.554704 0.142992 0.170613 0.151749
1 0.674348 0.244359 0.431905 0.488719
1 0.549717 0.129926 0.16554 0.178513"
432,0 0.545151 0.260187 0.290509 0.378147
433,0 0.468967 0.281507 0.218386 0.328194
434,
435,"0 0.540902 0.232049 0.0519086 0.205465
1 0.483621 0.43616 0.147823 0.422882
1 0.49144 0.536109 0.144503 0.670833
1 0.53581 0.551067 0.0506405 0.682722
1 0.538365 0.550716 0.0386385 0.530131
0 0.52171 0.236127 0.0932377 0.209365
1 0.51762 0.527315 0.0864607 0.665737"
436,"1 0.196162 0.54726 0.392325 0.905479
0 0.457974 0.487197 0.0963829 0.0873413
0 0.902546 0.868631 0.194862 0.261975"
437,
438,0 0.512343 0.228315 0.197236 0.275297
439,"0 0.499864 0.195065 0.151594 0.185943
1 0.515481 0.406165 0.299677 0.762739
1 0.609657 0.433038 0.105762 0.703565"
44,"0 0.584853 0.276506 0.151962 0.152893
1 0.88723 0.630564 0.225539 0.232235"
440,"1 0.375058 0.63665 0.712687 0.640337
1 0.206115 0.599254 0.371596 0.568655
1 0.540236 0.457776 0.377326 0.237021
1 0.378689 0.508584 0.718021 0.372946"
441,
442,
443,"1 0.496463 0.518622 0.679972 0.947414
0 0.494256 0.145585 0.160466 0.162795
1 0.342719 0.520934 0.387068 0.932257
1 0.688928 0.504589 0.31241 0.950949"
444,0 0.577303 0.19922 0.161773 0.237793
445,"0 0.526139 0.358361 0.367995 0.584048
0 0.0379267 0.39244 0.0755477 0.320847
0 0.174875 0.370377 0.0826451 0.135772
0 0.0440141 0.313672 0.0878316 0.506413
0 0.159157 0.724647 0.120748 0.53912"
446,1 0.923941 0.677592 0.151988 0.631354
447,
448,
449,"1 0.561823 0.543436 0.523518 0.892875
0 0.566168 0.285776 0.208014 0.322548
0 0.542189 0.231828 0.0820466 0.188853
1 0.687679 0.513239 0.233753 0.720998
0 0.855549 0.266109 0.288902 0.269524"
45,"0 0.696383 0.114918 0.200324 0.22807
1 0.835381 0.458523 0.156321 0.375883"
450,"0 0.708383 0.0348619 0.390079 0.0694064
1 0.451143 0.5 0.902285 1"
451,
452,"0 0.516475 0.328417 0.375858 0.21255
1 0.538741 0.528884 0.837257 0.831795
1 0.287322 0.325475 0.216118 0.263543
0 0.0694748 0.288605 0.0445356 0.0365664
1 0.781593 0.455056 0.297632 0.525892"
453,"0 0.260608 0.235386 0.521217 0.421024
1 0.790785 0.49266 0.385933 0.342191
1 0.498375 0.35476 0.99675 0.709519"
454,"0 0.57839 0.327513 0.140726 0.272141
1 0.556261 0.535323 0.345215 0.792268
0 0.578492 0.376826 0.122547 0.174174
0 0.607779 0.290305 0.18238 0.342116
1 0.480337 0.506089 0.181322 0.826221"
455,"1 0.59184 0.500153 0.491962 0.986406
0 0.420999 0.232954 0.140841 0.230661
1 0.701213 0.503981 0.283063 0.985254
1 0.754852 0.602922 0.163093 0.76733
1 0.798286 0.496524 0.403429 0.993048"
456,"1 0.284505 0.624184 0.563086 0.724279
1 0.499054 0.5 0.998108 1"
457,0 0.458197 0.102434 0.111044 0.187482
458,"1 0.536323 0.404516 0.562015 0.628265
0 0.531175 0.247619 0.148819 0.160697
1 0.365448 0.476296 0.222355 0.482732
1 0.698698 0.425527 0.19114 0.56784
0 0.74835 0.285935 0.0510144 0.181389"
459,
46,"0 0.737366 0.248432 0.401071 0.297704
0 0.527292 0.0900714 0.249657 0.179804
1 0.0759207 0.732987 0.151841 0.321384"
460,"0 0.519024 0.215619 0.153831 0.233422
1 0.523217 0.460569 0.416373 0.809582
1 0.638107 0.440596 0.212383 0.68746"
461,0 0.495736 0.511486 0.606569 0.806176
462,0 0.587888 0.299385 0.233295 0.434273
463,"0 0.815546 0.439299 0.361855 0.250266
0 0.815397 0.347716 0.362111 0.434867"
464,
465,
466,0 0.493872 0.191267 0.173564 0.211061
467,"1 0.637843 0.472485 0.7202 0.524696
1 0.5 0.404318 1 0.677402
0 0.307207 0.020105 0.211666 0.04021"
468,
469,0 0.605876 0.0989534 0.344349 0.197907
47,
470,
471,0 0.377141 0.255526 0.140553 0.230622
472,
473,1 0.5 0.5 1 1
474,"0 0.494983 0.439606 0.449696 0.578441
0 0.128288 0.462925 0.028657 0.0286475"
475,"1 0.436509 0.524033 0.686404 0.940967
0 0.488556 0.193399 0.16764 0.209337"
476,0 0.507461 0.154356 0.173813 0.142626
477,0 0.562192 0.329056 0.174315 0.261864
478,"0 0.509003 0.135365 0.102132 0.128741
0 0.942753 0.303527 0.0236666 0.0373886
0 0.238216 0.308369 0.0316417 0.0309914
0 0.848275 0.298254 0.0225473 0.0225398"
479,
48,"0 0.47699 0.306802 0.14817 0.239242
0 0.496544 0.319769 0.108275 0.182568
1 0.523847 0.571114 0.266556 0.84666
1 0.520457 0.40282 0.24941 0.491378
0 0.503319 0.354969 0.0781358 0.107158
1 0.509333 0.298876 0.221799 0.27952
1 0.262842 0.496231 0.525684 0.992462"
480,0 0.0716617 0.462715 0.0160625 0.0247334
481,1 0.612931 0.634768 0.613459 0.455229
482,
483,
484,
485,"0 0.592377 0.158969 0.314328 0.307292
0 0.14369 0.211391 0.28738 0.299832
0 0.928029 0.188752 0.143943 0.375698
1 0.92909 0.284818 0.140603 0.566974"
486,"0 0.503478 0.0896985 0.130029 0.113878
1 0.499015 0.148644 0.272164 0.29326
1 0.502456 0.161456 0.161147 0.254794
1 0.509799 0.0867637 0.158465 0.106801
1 0.325301 0.160068 0.627088 0.318426
1 0.432677 0.16115 0.312232 0.271383"
487,0 0.292705 0.194905 0.553914 0.375089
488,"1 0.564049 0.361588 0.426672 0.697617
0 0.543957 0.163299 0.10739 0.182883
0 0.547399 0.196996 0.0920517 0.118574
0 0.38464 0.235977 0.0583226 0.0705576"
489,
49,0 0.504949 0.167629 0.171943 0.21551
490,"0 0.522045 0.442316 0.183971 0.287371
1 0.506948 0.594372 0.284971 0.806522
0 0.525012 0.497511 0.170507 0.194052
1 0.606406 0.673028 0.0691057 0.653944
1 0.538046 0.672826 0.201671 0.654348
1 0.401369 0.586674 0.504479 0.820854"
491,"0 0.512769 0.413743 0.0911287 0.107148
0 0.522849 0.355574 0.128314 0.230175"
492,0 0.52742 0.263376 0.289429 0.362854
493,"0 0.505316 0.15951 0.220484 0.22651
1 0.0546705 0.295374 0.109341 0.590747
1 0.0864511 0.496552 0.171607 0.993104
1 0.0555374 0.593587 0.111075 0.812826
1 0.0490846 0.728501 0.0981692 0.542997
1 0.771585 0.289729 0.45683 0.57497"
494,1 0.5 0.501061 1 0.997878
495,1 0.499616 0.5 0.999232 1
496,"0 0.745486 0.114599 0.143324 0.218569
0 0.132704 0.32758 0.111223 0.059678"
497,1 0.561829 0.590279 0.851801 0.753303
498,0 0.561178 0.252226 0.0615119 0.0980846
499,
5,
50,"0 0.794478 0.102588 0.257772 0.204922
0 0.11117 0.0502898 0.188152 0.10058
0 0.760581 0.694684 0.429449 0.138787"
500,"0 0.383782 0.372297 0.152361 0.513589
1 0.174179 0.448779 0.238306 0.411955"
501,"0 0.505197 0.248254 0.163783 0.276869
0 0.506135 0.30925 0.153046 0.240234
1 0.455752 0.429747 0.49038 0.758099
1 0.375802 0.518388 0.286235 0.913181"
502,0 0.51939 0.370581 0.282153 0.20952
503,0 0.481162 0.301221 0.25812 0.396096
504,
505,"0 0.495858 0.476523 0.610288 0.782003
0 0.226849 0.457348 0.05794 0.405906"
506,0 0.49631 0.226421 0.162803 0.337486
507,0 0.536265 0.0850955 0.0996046 0.132257
508,"0 0.468795 0.166585 0.227477 0.261089
1 0.543027 0.274702 0.389652 0.514585
1 0.775092 0.50036 0.383513 0.976293
1 0.670078 0.405034 0.616419 0.799919
1 0.640192 0.232475 0.585016 0.411133
1 0.484937 0.328481 0.569225 0.632918"
509,
51,1 0.5 0.5 1 1
510,"0 0.305017 0.259611 0.134801 0.22652
1 0.326435 0.395641 0.337726 0.634642
0 0.431395 0.803037 0.0871989 0.135797
0 0.30654 0.303099 0.130883 0.138276
1 0.286643 0.398096 0.24086 0.531561
1 0.298439 0.250952 0.182403 0.238929"
511,
512,
513,"0 0.485328 0.331329 0.287251 0.304003
1 0.487226 0.51498 0.538159 0.961841
1 0.684326 0.513811 0.189948 0.949792
1 0.349898 0.512541 0.219365 0.953719
1 0.267908 0.542696 0.422327 0.902946
0 0.499562 0.434405 0.29733 0.509947
1 0.328329 0.482892 0.133939 0.666495
1 0.695608 0.612404 0.13586 0.745527"
514,"0 0.673322 0.0875547 0.0778669 0.097753
1 0.755346 0.294213 0.208208 0.558713
1 0.774249 0.252262 0.16345 0.272301
1 0.728193 0.188367 0.221174 0.369647
0 0.685043 0.0698423 0.100427 0.135292"
515,
516,"0 0.530333 0.263414 0.148247 0.345673
1 0.624827 0.583675 0.525179 0.419267
0 0.531974 0.405078 0.152508 0.324384
1 0.48946 0.478777 0.232568 0.170815
0 0.528454 0.47281 0.15539 0.192001
1 0.743416 0.569521 0.294821 0.374995
1 0.422712 0.471313 0.0885357 0.153596
0 0.219272 0.549758 0.0134194 0.0319885
1 0.432594 0.508714 0.112044 0.230407
0 0.20692 0.544219 0.0217545 0.0509359
0 0.23469 0.54383 0.0310321 0.0452631"
517,"0 0.587991 0.199739 0.0755384 0.196798
0 0.388 0.263099 0.0777238 0.203234
0 0.78629 0.496255 0.0655241 0.168156
1 0.656418 0.638123 0.124169 0.252356
0 0.586463 0.252405 0.0646439 0.0901263"
518,0 0.599517 0.470474 0.405477 0.524601
519,"1 0.684408 0.52311 0.468713 0.898684
0 0.548348 0.417421 0.159934 0.221346
0 0.564722 0.534035 0.125709 0.454144
0 0.545914 0.490096 0.169933 0.328954
1 0.696127 0.367505 0.414088 0.59398
0 0.601705 0.53399 0.155351 0.445679
1 0.537565 0.805044 0.154623 0.340431
0 0.623547 0.64757 0.140325 0.214255
1 0.533067 0.533134 0.469398 0.890111
1 0.670041 0.796774 0.416956 0.363732
1 0.517667 0.517224 0.785679 0.878627"
52,
520,
521,0 0.508742 0.513663 0.640591 0.865011
522,0 0.42383 0.181098 0.289797 0.227049
523,0 0.452678 0.109328 0.2564 0.218004
524,0 0.547507 0.121897 0.175924 0.186333
525,0 0.481646 0.335119 0.301111 0.442302
526,
527,
528,0 0.505602 0.548552 0.288773 0.385272
529,
53,0 0.498662 0.273992 0.224222 0.325783
530,"0 0.47544 0.210157 0.244115 0.32539
0 0.0301184 0.664246 0.0602367 0.343608
0 0.0734696 0.503637 0.0560868 0.0457302
0 0.91782 0.395649 0.0355747 0.0400392"
531,"0 0.279384 0.813562 0.0943403 0.110942
0 0.541674 0.308104 0.171466 0.285125
0 0.167 0.862507 0.0487389 0.113935
1 0.564846 0.530031 0.30331 0.805119
1 0.284016 0.840564 0.106301 0.313563
0 0.282167 0.851948 0.0937002 0.269476
0 0.28148 0.776893 0.0982577 0.179102
1 0.249425 0.858259 0.192331 0.281286
1 0.671603 0.29408 0.100859 0.286374
1 0.282668 0.778581 0.105469 0.184374
1 0.498268 0.578636 0.166728 0.304568"
532,"1 0.513374 0.507194 0.945907 0.518915
1 0.499534 0.619008 0.999067 0.740762"
533,"1 0.391111 0.726522 0.765784 0.540944
0 0.564285 0.594349 0.42292 0.256626
0 0.54027 0.63868 0.371354 0.167109"
534,"1 0.824332 0.414005 0.351337 0.795069
1 0.885921 0.46439 0.227593 0.87255
1 0.703238 0.509521 0.193187 0.980957"
535,"0 0.345288 0.493116 0.104173 0.159806
0 0.611574 0.488819 0.0670591 0.194106
0 0.615887 0.538692 0.0667909 0.309112
0 0.625986 0.59308 0.0862346 0.427074
1 0.331386 0.655911 0.201649 0.615874
0 0.774121 0.478766 0.0317062 0.0724898
1 0.346852 0.490887 0.126231 0.160945
0 0.345333 0.466731 0.133264 0.208027
0 0.78414 0.476929 0.0399475 0.0704067"
536,"1 0.281219 0.242926 0.324135 0.416882
1 0.253633 0.354155 0.398503 0.674926
0 0.3611 0.282217 0.1518 0.34514
1 0.389682 0.570475 0.12919 0.242539"
537,0 0.48303 0.421112 0.501049 0.716379
538,"0 0.470477 0.211452 0.174966 0.270926
1 0.503367 0.38483 0.312513 0.673326
0 0.472693 0.269778 0.128403 0.151655
1 0.55939 0.495679 0.178056 0.43306
1 0.459176 0.217272 0.198819 0.291177
1 0.457113 0.297187 0.217837 0.440646"
539,
54,"0 0.275111 0.138364 0.236942 0.252821
0 0.960571 0.33142 0.0784914 0.3018
0 0.959787 0.309928 0.0804265 0.53707"
540,0 0.0576983 0.00754266 0.115397 0.0150853
541,0 0.607485 0.253887 0.167099 0.35195
542,1 0.501953 0.569672 0.542638 0.853518
543,1 0.503977 0.694833 0.984208 0.551532
544,
545,0 0.51038 0.147687 0.172932 0.220917
546,0 0.710817 0.257083 0.126921 0.251475
547,"1 0.296729 0.700607 0.58828 0.548715
0 0.86274 0.115266 0.268303 0.230333"
548,0 0.485818 0.262944 0.349682 0.267263
549,
55,0 0.43133 0.209596 0.227855 0.303138
550,1 0.567438 0.583021 0.860191 0.833958
551,0 0.609353 0.276674 0.0743782 0.124445
552,0 0.504526 0.330519 0.313308 0.439865
553,"1 0.478895 0.540893 0.94068 0.915451
1 0.345073 0.151147 0.575353 0.15596"
554,1 0.504255 0.5 0.991491 1
555,
556,
557,"0 0.519019 0.16707 0.167311 0.220194
0 0.824348 0.332641 0.0277466 0.0373096"
558,"1 0.450594 0.626036 0.553416 0.413029
0 0.452241 0.624335 0.550155 0.400994
1 0.368533 0.707079 0.725804 0.579719
0 0.382337 0.587566 0.438187 0.284293
1 0.173917 0.84628 0.344778 0.302045"
559,0 0.498564 0.457767 0.534737 0.702899
56,"0 0.63172 0.0807017 0.340568 0.161309
1 0.499233 0.496883 0.998465 0.993767"
560,
561,0 0.479824 0.117732 0.124308 0.190306
562,0 0.464381 0.118529 0.145053 0.156025
563,0 0.503593 0.316628 0.289374 0.433685
564,"0 0.569108 0.203548 0.456739 0.299391
0 0.760629 0.892196 0.471897 0.215607
0 0.181261 0.0342256 0.362522 0.0684513"
565,"0 0.326497 0.22333 0.0871573 0.145298
1 0.316944 0.274781 0.155895 0.47807
0 0.32237 0.231332 0.143638 0.393609
1 0.313162 0.169233 0.158866 0.267455
0 0.332347 0.175271 0.120477 0.27503"
566,0 0.356548 0.326178 0.100584 0.250721
567,"0 0.563109 0.313787 0.159056 0.300362
1 0.588613 0.392083 0.252016 0.545642
1 0.596391 0.311617 0.212008 0.324377"
568,0 0.503996 0.387873 0.456201 0.597549
569,0 0.49858 0.208228 0.223836 0.31186
57,0 0.449939 0.321719 0.334901 0.446493
570,0 0.493767 0.387002 0.402143 0.518729
571,"0 0.51009 0.261026 0.176038 0.140709
1 0.569345 0.341629 0.299288 0.478116
1 0.386772 0.343739 0.661206 0.503651
1 0.603728 0.514721 0.260813 0.877587
1 0.616025 0.366287 0.20219 0.41142"
572,
573,"0 0.557271 0.391014 0.113859 0.29297
1 0.607314 0.561657 0.234956 0.508575
0 0.561377 0.446945 0.110933 0.195327"
574,"1 0.269718 0.61613 0.535205 0.694458
0 0.565824 0.526664 0.260278 0.230068
1 0.231755 0.482602 0.455865 0.411612
1 0.0391746 0.907786 0.0777717 0.184018
1 0.0399026 0.822974 0.0798052 0.354052
0 0.223846 0.40743 0.447691 0.247028
0 0.299598 0.447321 0.300813 0.120836
1 0.0749413 0.912392 0.149622 0.174657"
575,"0 0.45028 0.218009 0.393581 0.37669
0 0.730951 0.958049 0.179022 0.0826668"
576,1 0.499155 0.483151 0.995761 0.957356
577,0 0.467064 0.297319 0.420248 0.373674
578,"0 0.479392 0.122053 0.121616 0.105131
1 0.474339 0.243131 0.37388 0.43033"
579,"1 0.631015 0.496735 0.556719 0.962422
0 0.540818 0.234363 0.221004 0.270672
1 0.469136 0.488044 0.915958 0.974018"
58,1 0.498737 0.50406 0.997474 0.99188
580,0 0.606377 0.191899 0.205177 0.134299
581,0 0.539448 0.385698 0.422124 0.543492
582,0 0.485637 0.157249 0.152719 0.189008
583,"1 0.255266 0.866921 0.306092 0.266159
0 0.529423 0.156615 0.111268 0.253672
0 0.269929 0.249488 0.0266352 0.0553503
0 0.691021 0.404176 0.023642 0.039929
0 0.363031 0.450765 0.0245179 0.0379961
0 0.191976 0.193726 0.0266993 0.0350417
0 0.967591 0.342953 0.0226505 0.0582744
0 0.233307 0.461033 0.0186605 0.0274934
0 0.515459 0.244085 0.0665518 0.0706022
0 0.741298 0.53691 0.015379 0.0349793
0 0.686787 0.393232 0.018716 0.0319571
0 0.910065 0.733201 0.0180321 0.0371125"
584,1 0.45931 0.49512 0.893561 0.746346
585,"0 0.474515 0.128985 0.145237 0.0959919
1 0.488016 0.188671 0.298926 0.327034
0 0.479636 0.110595 0.173477 0.141852
1 0.478441 0.206194 0.201685 0.28124"
586,0 0.456068 0.126026 0.256554 0.191718
587,"1 0.564451 0.534617 0.711938 0.930766
0 0.379855 0.341531 0.330268 0.288691"
588,0 0.536287 0.119048 0.445178 0.145126
589,"1 0.5 0.521774 1 0.896096
1 0.508394 0.211814 0.882941 0.241923
1 0.129131 0.473376 0.244096 0.584684"
59,0 0.505668 0.462558 0.512973 0.701334
590,0 0.469959 0.33389 0.353894 0.556236
591,"0 0.55876 0.264712 0.263415 0.379914
1 0.694326 0.512713 0.580166 0.962089
1 0.477486 0.519834 0.954973 0.960332"
592,
593,"0 0.503549 0.237016 0.243558 0.315166
0 0.825501 0.977895 0.0949255 0.0432812"
594,
595,
596,0 0.502056 0.135193 0.169304 0.222099
597,1 0.496174 0.571123 0.992348 0.855168
598,"0 0.495143 0.0685567 0.160044 0.119655
0 0.906647 0.366362 0.186424 0.461065"
599,0 0.509614 0.533782 0.631997 0.89021
6,"1 0.373438 0.316082 0.440609 0.347828
1 0.814127 0.529008 0.349672 0.784254
1 0.570737 0.532065 0.858526 0.819261
1 0.574039 0.3454 0.851923 0.424138"
60,"0 0.381026 0.257101 0.099806 0.157525
0 0.751489 0.358347 0.116867 0.137448
0 0.952836 0.237562 0.0899902 0.151573
1 0.348522 0.39344 0.254517 0.479267
1 0.398978 0.27572 0.124975 0.200825
1 0.439469 0.284478 0.067705 0.226477
1 0.3273 0.41578 0.1709 0.41734
0 0.384126 0.274475 0.0888508 0.105368
0 0.400044 0.267573 0.140209 0.187868
1 0.420923 0.288812 0.0836914 0.222639
1 0.391816 0.360421 0.136974 0.376224"
600,0 0.444788 0.319187 0.471195 0.462852
601,
602,0 0.565335 0.342152 0.227285 0.466433
603,"0 0.346818 0.315132 0.147841 0.260549
1 0.330867 0.493166 0.272059 0.791351
0 0.340228 0.366905 0.138611 0.16102
1 0.256052 0.588922 0.131543 0.549136
1 0.587845 0.457467 0.796028 0.752785"
604,"1 0.458957 0.528961 0.128508 0.366297
1 0.266584 0.482075 0.283982 0.959389"
605,
606,1 0.5 0.499703 1 0.999407
607,"0 0.486279 0.118326 0.15133 0.122468
0 0.216087 0.137236 0.432175 0.274471
0 0.283938 0.173098 0.567876 0.346196"
608,
609,"1 0.146951 0.610738 0.293377 0.657646
1 0.271892 0.632617 0.530607 0.703206"
61,"0 0.638916 0.289776 0.146143 0.46107
1 0.815758 0.869245 0.17579 0.258915
1 0.302762 0.482651 0.605524 0.963342"
610,"1 0.45591 0.660517 0.227002 0.52024
1 0.721223 0.607232 0.0991993 0.360145
1 0.546146 0.667209 0.415364 0.556274
0 0.288094 0.141601 0.0531029 0.076913
1 0.453127 0.501068 0.242648 0.926512
0 0.757146 0.347905 0.15171 0.233047
1 0.744279 0.545032 0.146213 0.489325"
611,"1 0.23227 0.109611 0.13621 0.143341
1 0.238161 0.165969 0.144746 0.255295"
612,"0 0.499 0.220626 0.19558 0.221883
1 0.471001 0.352475 0.569456 0.670921
1 0.228371 0.256718 0.404224 0.491817
1 0.350667 0.261968 0.346303 0.486939"
613,
614,
615,"0 0.497561 0.369561 0.105171 0.183888
1 0.469464 0.512444 0.263181 0.492356
1 0.409364 0.507989 0.131365 0.491125"
616,"0 0.790947 0.298007 0.418105 0.596013
0 0.876781 0.675453 0.138162 0.135179"
617,"1 0.702154 0.835647 0.246196 0.326398
0 0.429264 0.182326 0.103333 0.239557
0 0.421411 0.228279 0.101541 0.143024"
618,
619,0 0.509248 0.202091 0.0897584 0.123124
62,0 0.726709 0.378238 0.266846 0.191284
620,1 0.478796 0.650135 0.703618 0.534852
621,"0 0.505341 0.10665 0.10021 0.138887
1 0.221598 0.5 0.443196 1
1 0.499786 0.5 0.999573 1
1 0.785653 0.499764 0.422811 0.999528"
622,"0 0.506084 0.250927 0.110977 0.0851056
0 0.3838 0.503266 0.767601 0.993468"
623,"0 0.626001 0.169481 0.313139 0.240233
1 0.854047 0.419657 0.290224 0.806658
1 0.748408 0.412491 0.501835 0.809227
1 0.663491 0.277456 0.46134 0.534203"
624,0 0.493051 0.39576 0.656754 0.601878
625,1 0.453005 0.716953 0.807041 0.55255
626,0 0.475475 0.193588 0.193659 0.281466
627,
628,"0 0.502033 0.26649 0.256123 0.355273
1 0.332476 0.504641 0.62155 0.972277
0 0.926557 0.72163 0.146886 0.278177"
629,"0 0.341875 0.217173 0.124376 0.229638
1 0.29849 0.305188 0.222945 0.41898
1 0.3004 0.436508 0.230483 0.737499"
63,0 0.530968 0.424822 0.480336 0.632103
630,
631,1 0.490761 0.532007 0.958434 0.629397
632,"1 0.5948 0.661464 0.786487 0.666849
1 0.792173 0.66768 0.402461 0.644686"
633,"0 0.384511 0.208648 0.0788294 0.194155
1 0.629135 0.423601 0.058486 0.414485
0 0.586604 0.230905 0.0817939 0.218098
1 0.64595 0.386316 0.0947238 0.538891
1 0.609701 0.383887 0.0994682 0.536113
1 0.621148 0.357291 0.0454049 0.490069
0 0.893816 0.123124 0.212368 0.246248
0 0.381762 0.257982 0.0893485 0.29575
0 0.687802 0.277373 0.0836079 0.140318
0 0.590301 0.288172 0.112386 0.341961
0 0.687719 0.3011 0.0760052 0.0840872
1 0.478164 0.917433 0.0673901 0.16252"
634,0 0.516019 0.173325 0.324149 0.265539
635,0 0.52506 0.441561 0.476591 0.691796
636,
637,1 0.610075 0.545636 0.635228 0.75784
638,0 0.422183 0.263435 0.131357 0.350798
639,1 0.506532 0.55731 0.986549 0.823991
64,0 0.521196 0.32349 0.437622 0.597283
640,
641,1 0.353974 0.567573 0.612988 0.449434
642,0 0.498391 0.451544 0.560609 0.723018
643,
644,1 0.710098 0.262025 0.0483715 0.0787773
645,"0 0.519625 0.0994165 0.204502 0.169335
0 0.790403 0.669364 0.164464 0.0596797"
646,0 0.51215 0.182157 0.184002 0.239905
647,
648,"0 0.488292 0.322295 0.24344 0.157928
0 0.481144 0.265957 0.235048 0.246341
1 0.420173 0.426613 0.46386 0.578159
1 0.292148 0.393369 0.220845 0.514753
0 0.461949 0.676655 0.279214 0.121444"
649,"1 0.368144 0.575736 0.682031 0.785419
0 0.969764 0.3918 0.0604721 0.300652"
65,
650,1 0.702673 0.659536 0.513218 0.672561
651,"0 0.487266 0.206878 0.229473 0.290769
0 0.0445075 0.296099 0.0578232 0.0685922
0 0.145368 0.357973 0.0373597 0.0400268
0 0.320391 0.289611 0.0275615 0.0340025"
652,0 0.502966 0.183716 0.174938 0.21984
653,0 0.508936 0.440082 0.464272 0.596058
654,"0 0.6846 0.289275 0.624313 0.441374
0 0.664871 0.835364 0.665988 0.329271
1 0.493027 0.521114 0.986053 0.957771"
655,0 0.490219 0.183543 0.157364 0.199297
656,1 0.504899 0.584308 0.990203 0.801704
657,0 0.494095 0.167188 0.232656 0.220126
658,"1 0.145488 0.331576 0.290977 0.663152
1 0.296457 0.322775 0.592914 0.637934
1 0.454925 0.390737 0.90661 0.77908"
659,0 0.582015 0.0972073 0.835971 0.194094
66,"1 0.603554 0.5 0.792892 1
1 0.610534 0.709266 0.77421 0.57721"
660,0 0.514946 0.295647 0.170669 0.183069
661,"0 0.502138 0.175236 0.174101 0.232628
0 0.958531 0.31936 0.0829375 0.165922"
662,0 0.685935 0.297961 0.151585 0.338517
663,
664,
665,0 0.518698 0.118315 0.162685 0.129842
666,0 0.551231 0.261612 0.265186 0.344517
667,0 0.45187 0.227109 0.27107 0.354342
668,1 0.661393 0.602914 0.32893 0.749408
669,0 0.493201 0.156521 0.210517 0.271247
67,0 0.437816 0.103399 0.421052 0.199906
670,
671,0 0.486524 0.147858 0.181748 0.258101
672,
673,0 0.390062 0.0670141 0.207502 0.13375
674,0 0.517124 0.32005 0.343784 0.453378
675,0 0.478601 0.201258 0.145291 0.1915
676,0 0.556144 0.232573 0.220359 0.342991
677,
678,
679,0 0.832588 0.894522 0.334825 0.210955
68,0 0.496178 0.448795 0.524371 0.670511
680,
681,"0 0.722572 0.0549327 0.322217 0.109547
0 0.350242 0.665089 0.20639 0.0948414"
682,"1 0.492479 0.238928 0.392973 0.453772
0 0.491301 0.185878 0.341881 0.331728
0 0.931235 0.560907 0.0932789 0.110197"
683,"0 0.48635 0.280523 0.257729 0.389254
0 0.86013 0.0315628 0.236543 0.0624844"
684,"0 0.707465 0.358795 0.170604 0.185032
1 0.747962 0.478622 0.284093 0.476672"
685,0 0.441776 0.189377 0.306093 0.234767
686,"0 0.554037 0.659211 0.0530279 0.109371
1 0.499742 0.796502 0.151972 0.397913
1 0.533985 0.658261 0.0853655 0.114368"
687,
688,"0 0.531115 0.375941 0.269419 0.167697
0 0.522834 0.318104 0.25997 0.277718
1 0.465289 0.556958 0.452 0.480691
1 0.38137 0.494909 0.302712 0.610249
1 0.377396 0.624348 0.265459 0.532978
1 0.542985 0.24326 0.290864 0.123117"
689,
69,1 0.506484 0.5 0.987031 1
690,0 0.531692 0.24791 0.219841 0.2814
691,0 0.497445 0.105196 0.112287 0.141005
692,0 0.502312 0.165374 0.179925 0.236464
693,"0 0.561919 0.242855 0.183839 0.201445
1 0.550881 0.454 0.479211 0.762806
1 0.379407 0.649723 0.0965324 0.389646
1 0.414341 0.292409 0.186494 0.324476
1 0.387471 0.65077 0.0583448 0.381459
1 0.6993 0.267713 0.157994 0.276564
1 0.634331 0.283309 0.290627 0.322081
1 0.562591 0.30715 0.491319 0.486209
1 0.709233 0.332455 0.186624 0.422772
1 0.411922 0.496571 0.208387 0.671276"
694,0 0.500947 0.160626 0.168073 0.217944
695,
696,0 0.508992 0.256659 0.282275 0.390332
697,0 0.550426 0.189027 0.187014 0.264958
698,1 0.541346 0.541887 0.917307 0.651778
699,0 0.556004 0.148307 0.406006 0.296215
7,"1 0.646141 0.531751 0.3517 0.913424
0 0.148017 0.522188 0.132129 0.277222
0 0.835825 0.103692 0.328349 0.207383
1 0.612996 0.358609 0.306071 0.534752"
70,"0 0.64257 0.199365 0.228838 0.308107
0 0.988101 0.766168 0.02239 0.0591266"
700,0 0.516005 0.40642 0.489866 0.625157
701,1 0.677243 0.584499 0.575965 0.678569
702,0 0.463161 0.235018 0.290416 0.378622
703,0 0.486225 0.233069 0.257035 0.349914
704,0 0.959278 0.90423 0.0172369 0.0373835
705,0 0.262162 0.276072 0.250755 0.392954
706,"1 0.811615 0.576633 0.37677 0.703934
1 0.850211 0.425894 0.299571 0.411536"
707,0 0.501065 0.414418 0.443477 0.549777
708,"1 0.554876 0.506138 0.711191 0.942344
1 0.537302 0.335018 0.801207 0.603465
1 0.290174 0.453045 0.205306 0.40691
1 0.714465 0.502827 0.389121 0.940795"
709,1 0.417238 0.67183 0.833579 0.645828
71,"1 0.394399 0.618561 0.557792 0.745126
0 0.812468 0.0249543 0.375063 0.0493567
1 0.484539 0.501621 0.776459 0.968443"
710,0 0.499915 0.147484 0.0941597 0.12263
711,
712,"0 0.507039 0.132625 0.171644 0.0955113
1 0.389085 0.178194 0.419721 0.308899
0 0.47078 0.106757 0.243599 0.148423
1 0.389937 0.274951 0.430043 0.504779
1 0.445968 0.132446 0.294231 0.168577"
713,
714,0 0.497951 0.279825 0.26835 0.379786
715,"0 0.354027 0.30973 0.123814 0.313353
0 0.174215 0.802291 0.14822 0.392616"
716,"0 0.548028 0.247184 0.234616 0.225599
1 0.492271 0.418739 0.537151 0.774571
1 0.36994 0.390217 0.234104 0.751752
0 0.13746 0.279822 0.27492 0.470659
0 0.167779 0.391209 0.0964743 0.236251
0 0.133257 0.325429 0.18685 0.366131
1 0.341546 0.39527 0.683093 0.769957"
717,"0 0.391828 0.535974 0.0663178 0.0576437
1 0.400097 0.639021 0.15778 0.28073
1 0.442546 0.656809 0.0715276 0.237558
1 0.417321 0.655648 0.114855 0.214884
0 0.125666 0.305614 0.251332 0.611228"
718,
719,"0 0.453339 0.493728 0.0817308 0.112099
0 0.841623 0.437858 0.0832113 0.134696
0 0.203531 0.479731 0.0851268 0.158242
1 0.867503 0.415764 0.13702 0.175829
0 0.452514 0.461013 0.0864567 0.172563
1 0.490276 0.539479 0.149562 0.348729
0 0.861751 0.411809 0.134483 0.188081
1 0.878725 0.482159 0.160688 0.32955
1 0.889426 0.579798 0.171468 0.564105
1 0.481545 0.458196 0.145789 0.179587
1 0.459249 0.479339 0.0912207 0.218341
1 0.698385 0.560165 0.569738 0.418158
1 0.868737 0.633691 0.251625 0.70365"
72,"1 0.721847 0.623603 0.106689 0.209914
0 0.640936 0.177361 0.131933 0.347386
0 0.645508 0.253495 0.113135 0.196492"
720,0 0.148872 0.320563 0.076293 0.0899293
721,
722,"0 0.652681 0.369672 0.154298 0.315166
0 0.631757 0.397705 0.104976 0.276021"
723,"1 0.638994 0.445389 0.709539 0.40682
0 0.666654 0.980427 0.0913334 0.0391467
0 0.484821 0.133713 0.472507 0.182414"
724,
725,1 0.580554 0.650028 0.828831 0.699681
726,
727,0 0.50547 0.310299 0.303741 0.411628
728,"0 0.481741 0.137397 0.210248 0.129827
1 0.399625 0.391891 0.370537 0.419673"
729,0 0.406627 0.547526 0.0517021 0.0505062
73,
730,0 0.497345 0.097536 0.110276 0.13523
731,"1 0.595536 0.51011 0.742213 0.957344
1 0.77713 0.530397 0.435158 0.925767
0 0.486197 0.578228 0.432938 0.378414"
732,"0 0.546521 0.274291 0.208369 0.304306
1 0.499755 0.496193 0.363148 0.943021
1 0.365499 0.731866 0.0665746 0.25404
1 0.368785 0.782541 0.082079 0.354733
0 0.672246 0.419979 0.0215985 0.0424223
1 0.406868 0.767599 0.142116 0.326983
1 0.385329 0.738813 0.107463 0.273623"
733,
734,0 0.546278 0.129635 0.262637 0.203031
735,"1 0.585689 0.528226 0.582369 0.894663
0 0.563783 0.327202 0.16578 0.294985
1 0.730189 0.47662 0.312407 0.822478
1 0.399492 0.537245 0.23046 0.904065
0 0.578619 0.38294 0.157591 0.18665"
736,
737,
738,"1 0.50673 0.388167 0.359162 0.479352
0 0.407397 0.386292 0.124975 0.133747
0 0.313855 0.792831 0.157415 0.180155
1 0.366799 0.549533 0.114902 0.295081"
739,"0 0.442325 0.435951 0.301433 0.167673
1 0.552645 0.377357 0.717244 0.372163
1 0.553846 0.507719 0.710049 0.642018
1 0.49492 0.589571 0.967537 0.820859"
74,0 0.497823 0.358435 0.363831 0.504253
740,"0 0.530381 0.286149 0.271746 0.260877
1 0.496547 0.364279 0.550073 0.538361
0 0.226709 0.770805 0.21921 0.134537
1 0.384719 0.378747 0.166674 0.48092"
741,"0 0.483795 0.1077 0.137069 0.0969021
1 0.48001 0.150295 0.248034 0.286992
1 0.483298 0.0822139 0.242816 0.14961
0 0.467575 0.0781218 0.161789 0.152884
1 0.532346 0.249725 0.378372 0.49945"
742,"1 0.4643 0.681995 0.91451 0.600453
0 0.601519 0.258247 0.375147 0.332355
1 0.641875 0.652997 0.711535 0.52957
0 0.446113 0.117921 0.106681 0.0863729"
743,1 0.588317 0.679162 0.329581 0.446763
744,"0 0.513758 0.130107 0.142535 0.106673
1 0.491071 0.218879 0.302396 0.352142
1 0.580657 0.224585 0.485662 0.370546
0 0.93883 0.263425 0.0954983 0.0263292
1 0.668184 0.296948 0.658185 0.50524"
745,0 0.534644 0.157679 0.235107 0.304291
746,0 0.500832 0.425484 0.298441 0.450024
747,"0 0.536129 0.215549 0.233557 0.312599
0 0.844329 0.0288563 0.310629 0.0576451
0 0.195466 0.0234124 0.187538 0.0468247"
748,
749,"0 0.403696 0.185084 0.0906166 0.24715
1 0.620248 0.881237 0.150322 0.109079
1 0.61523 0.912892 0.158966 0.174216
0 0.39778 0.22834 0.0936657 0.160039"
75,"0 0.497629 0.325895 0.124372 0.195863
1 0.505156 0.437861 0.35641 0.521988"
750,0 0.695856 0.272543 0.195381 0.337323
751,1 0.292742 0.681071 0.438068 0.629711
752,
753,0 0.387851 0.305297 0.35293 0.449454
754,"0 0.486048 0.44891 0.344744 0.540772
0 0.952897 0.537569 0.0942061 0.329936
0 0.985747 0.310443 0.0274776 0.119034"
755,
756,0 0.550093 0.196882 0.241444 0.304311
757,1 0.347466 0.398497 0.310598 0.403919
758,
759,"0 0.476447 0.306532 0.258881 0.259344
1 0.511892 0.387926 0.524307 0.74151
1 0.681691 0.395488 0.211823 0.599021
1 0.325076 0.66657 0.187239 0.218319
1 0.445681 0.494561 0.656611 0.989122"
76,
760,0 0.511959 0.268323 0.23282 0.388225
761,0 0.491723 0.479522 0.523987 0.637214
762,0 0.942322 0.0824188 0.115355 0.164252
763,0 0.508085 0.316578 0.40017 0.20501
764,"0 0.228415 0.279146 0.45683 0.250534
0 0.140807 0.276322 0.281613 0.239961
0 0.282976 0.203442 0.564925 0.404066"
765,"0 0.5988 0.393783 0.254437 0.411063
1 0.592807 0.494112 0.469938 0.693622
0 0.603265 0.48352 0.19881 0.229908
1 0.682015 0.381204 0.322769 0.458312
1 0.754461 0.387167 0.177464 0.464355
1 0.440681 0.406115 0.179992 0.456166
1 0.54525 0.410002 0.372619 0.481805"
766,0 0.491682 0.490121 0.536741 0.644491
767,"0 0.584131 0.332723 0.13075 0.436809
1 0.769542 0.487979 0.193714 0.409622
0 0.582251 0.412559 0.133651 0.266655
1 0.68841 0.489574 0.360799 0.410848"
768,"1 0.636582 0.611394 0.246434 0.344451
0 0.548308 0.509477 0.118096 0.067852"
769,"0 0.523524 0.278819 0.180273 0.211325
1 0.793944 0.61826 0.217656 0.124191
1 0.754075 0.588564 0.305106 0.392191
1 0.760822 0.68941 0.283521 0.34792
0 0.179543 0.257208 0.0641676 0.052542"
77,1 0.509745 0.5 0.95064 1
770,0 0.501267 0.444383 0.495973 0.676573
771,
772,
773,"1 0.790154 0.437407 0.333285 0.649625
0 0.685835 0.290988 0.12 0.186
0 0.29665 0.312244 0.106531 0.188569
1 0.193606 0.480046 0.301218 0.614409
1 0.832339 0.446288 0.204561 0.642348
1 0.484474 0.458974 0.887576 0.686541
1 0.690637 0.253609 0.1447 0.261589"
774,0 0.663796 0.253539 0.530959 0.416342
775,0 0.507964 0.372717 0.368629 0.466695
776,"0 0.293647 0.11404 0.351478 0.189196
0 0.379367 0.820622 0.223548 0.126012
0 0.0155841 0.211471 0.0311682 0.0832174"
777,0 0.35409 0.102014 0.552121 0.204029
778,0 0.500106 0.220024 0.381842 0.239612
779,
78,
780,
781,1 0.560595 0.74744 0.750578 0.496801
782,"1 0.495486 0.507106 0.989001 0.984093
1 0.817688 0.899241 0.36331 0.201518"
783,0 0.502854 0.434937 0.433658 0.641094
784,1 0.497988 0.539194 0.995976 0.913441
785,
786,
787,"0 0.61032 0.466006 0.598837 0.612569
0 0.0172673 0.472771 0.0345347 0.470823
0 0.0154858 0.456427 0.0309715 0.144664"
788,1 0.5 0.5 1 1
789,"0 0.489589 0.294529 0.100641 0.134817
0 0.498251 0.265987 0.125163 0.185169
1 0.504255 0.289031 0.136901 0.142657
1 0.552437 0.269556 0.0433757 0.10954
1 0.516675 0.336524 0.163275 0.353463
1 0.490122 0.260933 0.113557 0.200392"
79,
790,
791,0 0.506296 0.297611 0.31595 0.404385
792,
793,
794,"1 0.633755 0.251524 0.277812 0.364264
0 0.502707 0.340791 0.117166 0.283228"
795,"0 0.269625 0.347374 0.477298 0.612623
0 0.0161221 0.325547 0.0322441 0.0711242
0 0.149527 0.349672 0.211556 0.63163
0 0.522858 0.382752 0.0556578 0.132586
1 0.697839 0.212815 0.594086 0.425629
1 0.824256 0.186989 0.349922 0.373978
1 0.762367 0.479968 0.475266 0.959936
0 0.383603 0.314154 0.180572 0.527454
1 0.5 0.444546 1 0.883056"
796,0 0.522059 0.163475 0.641471 0.288816
797,
798,0 0.484304 0.129616 0.206811 0.182035
799,"0 0.304031 0.422432 0.077761 0.151438
1 0.280728 0.571135 0.218415 0.543217
1 0.274624 0.50305 0.191941 0.359253
1 0.262288 0.436743 0.16706 0.245219
0 0.275864 0.417173 0.135988 0.160862
1 0.274872 0.422277 0.133773 0.168636
1 0.227375 0.422812 0.147123 0.251982"
8,0 0.467524 0.391249 0.333398 0.520168
80,"1 0.591617 0.628479 0.805772 0.518237
0 0.563892 0.0314281 0.418014 0.0628562
0 0.792933 0.0274746 0.414133 0.0549491"
800,"0 0.380019 0.0720936 0.40455 0.14113
0 0.2791 0.478172 0.128428 0.272633"
801,
802,0 0.448912 0.156383 0.293458 0.305991
803,"0 0.500417 0.118572 0.105916 0.137203
0 0.912686 0.199369 0.174629 0.392946"
804,0 0.482655 0.0959846 0.227132 0.188924
805,"0 0.53809 0.171906 0.0958087 0.107415
1 0.561766 0.282971 0.183042 0.365644
1 0.612467 0.270608 0.0753512 0.374686
0 0.366712 0.0624126 0.0628848 0.0750716"
806,"0 0.445121 0.290883 0.0998508 0.200172
0 0.558827 0.290301 0.0820326 0.214358
1 0.661866 0.470641 0.120812 0.802392
1 0.63124 0.389781 0.167525 0.677312
0 0.250656 0.460244 0.0879469 0.181555
1 0.654421 0.335635 0.111938 0.5248
1 0.654131 0.2481 0.092226 0.337243
0 0.556376 0.233406 0.068803 0.108054"
807,0 0.513132 0.216788 0.163144 0.206942
808,
809,
81,
810,"0 0.445646 0.46469 0.186929 0.3169
1 0.443815 0.585347 0.375993 0.815739
0 0.457308 0.401981 0.225201 0.439216
0 0.439664 0.520746 0.169831 0.195423
1 0.554179 0.665269 0.156955 0.663113
1 0.611066 0.495433 0.66345 0.990866
1 0.331449 0.442295 0.14618 0.470982
1 0.340654 0.559482 0.531568 0.844102"
811,0 0.499684 0.142122 0.331003 0.284243
812,
813,"1 0.778806 0.557764 0.0687164 0.628825
1 0.667737 0.441566 0.304466 0.833952
1 0.590759 0.418757 0.0912223 0.534837
0 0.655822 0.289007 0.145618 0.286225
1 0.613805 0.380604 0.190742 0.602122
0 0.666619 0.333979 0.125548 0.197086
1 0.773559 0.42319 0.0605881 0.36288
1 0.788344 0.570314 0.114903 0.603643
1 0.769019 0.497136 0.04829 0.477474
0 0.659553 0.355939 0.164758 0.373445
0 0.628473 0.257355 0.186363 0.355033
1 0.69082 0.469151 0.203713 0.457534
1 0.736891 0.541435 0.118118 0.603175"
814,1 0.499575 0.5 0.999149 1
815,"0 0.107183 0.588729 0.104087 0.096381
1 0.773891 0.518746 0.437351 0.758273
0 0.646109 0.273829 0.194318 0.199532
0 0.319428 0.633301 0.0979584 0.0881671
1 0.866142 0.521799 0.242983 0.757723
1 0.332687 0.715332 0.155547 0.329539
1 0.627974 0.306009 0.216357 0.302866
1 0.230628 0.706778 0.422087 0.344545
1 0.322061 0.69089 0.225389 0.390068"
816,1 0.733488 0.53849 0.526009 0.418874
817,0 0.525449 0.161737 0.176382 0.240033
818,"0 0.423659 0.22323 0.333935 0.398846
0 0.847718 0.944364 0.105905 0.105336"
819,0 0.490602 0.480921 0.605727 0.901126
82,"0 0.39037 0.253324 0.173402 0.278445
1 0.361903 0.453435 0.257229 0.868106
1 0.294517 0.450353 0.190492 0.894438
1 0.480007 0.436922 0.5357 0.873585
0 0.38422 0.196964 0.221606 0.389119"
820,0 0.506069 0.13202 0.145601 0.191072
821,
822,
823,0 0.470164 0.316307 0.424367 0.519749
824,"1 0.49643 0.639294 0.991273 0.70997
0 0.261347 0.461787 0.349975 0.254922
1 0.497234 0.800262 0.976679 0.388514
0 0.364471 0.45895 0.557732 0.269301"
825,"1 0.788971 0.796518 0.313004 0.206926
0 0.714892 0.293875 0.107661 0.335259
0 0.704755 0.240768 0.114941 0.253996
0 0.0807186 0.656989 0.0231985 0.046077
0 0.0509109 0.15813 0.0946706 0.110786
0 0.424723 0.256993 0.0218397 0.0344926
0 0.322764 0.279335 0.0366782 0.0701981"
826,0 0.379597 0.0990017 0.162526 0.138026
827,"1 0.390775 0.751727 0.0908703 0.291043
0 0.55324 0.254503 0.127634 0.341235
0 0.56021 0.286128 0.0955995 0.261116"
828,"1 0.723151 0.443155 0.40648 0.695923
0 0.648417 0.356065 0.21805 0.267626
0 0.63373 0.357824 0.126021 0.268514
0 0.676683 0.299361 0.286588 0.392055
0 0.628898 0.414045 0.15934 0.153604
1 0.563016 0.455317 0.0911085 0.148586
0 0.624185 0.296247 0.173592 0.388713
1 0.602793 0.469608 0.174551 0.192122
1 0.714227 0.304189 0.364798 0.401843
1 0.599742 0.430682 0.167149 0.133444"
829,0 0.430496 0.176521 0.240827 0.246577
83,"0 0.353596 0.344115 0.348394 0.545835
1 0.526893 0.423737 0.737737 0.775332
1 0.163633 0.808311 0.321211 0.373482
0 0.477345 0.324823 0.6316 0.587933
0 0.092155 0.755651 0.178976 0.162278
0 0.0238687 0.597362 0.0475007 0.181684
1 0.570451 0.317445 0.412748 0.556419"
830,
831,0 0.521719 0.308532 0.318235 0.438181
832,
833,0 0.51139 0.128438 0.154749 0.112364
834,
835,"0 0.510213 0.199439 0.242088 0.255649
0 0.518275 0.23904 0.173692 0.181217"
836,
837,"0 0.554186 0.377544 0.154539 0.163151
1 0.603788 0.457309 0.359786 0.41306
1 0.704714 0.456866 0.418426 0.432714
1 0.699711 0.460643 0.217896 0.413958"
838,"1 0.512298 0.441082 0.376888 0.558902
0 0.429246 0.31417 0.159338 0.142904
0 0.416987 0.293887 0.204213 0.1882
1 0.621949 0.485912 0.149206 0.466795
0 0.78148 0.453691 0.0917496 0.205973
1 0.367384 0.356522 0.0604105 0.0976485
1 0.434867 0.278377 0.237025 0.209226"
839,0 0.370082 0.19729 0.489073 0.340401
84,
840,0 0.521224 0.323081 0.391974 0.503337
841,"0 0.545994 0.310285 0.171359 0.220972
1 0.603126 0.445803 0.283801 0.720681
1 0.666738 0.485248 0.140751 0.647478
0 0.541923 0.253101 0.186431 0.342786
1 0.385654 0.439132 0.728917 0.721127"
85,0 0.416655 0.261875 0.35591 0.350112
86,1 0.506004 0.319415 0.526929 0.153541
87,"0 0.755871 0.356183 0.469265 0.393523
1 0.645868 0.641897 0.706105 0.69097"
88,
89,
9,"0 0.470385 0.211936 0.173076 0.268645
1 0.497042 0.38797 0.311295 0.674132
0 0.471431 0.269229 0.129619 0.151418
1 0.45892 0.218322 0.198121 0.292644
1 0.558958 0.449269 0.450456 0.805541
1 0.554359 0.488857 0.195221 0.4587
1 0.456858 0.32641 0.2156 0.4955"
90,"1 0.389958 0.534841 0.766517 0.87238
0 0.437034 0.283934 0.222457 0.22126"
91,"0 0.471251 0.345519 0.34748 0.216489
1 0.343478 0.435285 0.602646 0.550948
1 0.511925 0.565356 0.963579 0.869288"
92,"1 0.281479 0.271165 0.562957 0.280254
1 0.273242 0.377239 0.54599 0.513342
1 0.271905 0.539786 0.54223 0.865481
1 0.0322534 0.606736 0.0645067 0.612176
1 0.0573609 0.608142 0.114722 0.739778"
93,1 0.218338 0.650543 0.436677 0.682361
94,
95,1 0.515722 0.542282 0.968556 0.913444
96,
97,
98,0 0.447257 0.778973 0.0147623 0.0258726
99,
